ffi_h_code,distance_km,name
0103004,3.4629401312965813,Rio Amazonas
0103004,20.85088488563999,Rio Itaya
0103004,37.442847710082965,Qda Vainilla
0103004,10.826652700679945,Rio Maniti
0103005,3.5250932209362773,Rio Amazonas
0103005,20.89783109428967,Rio Itaya
0103005,37.379620283327895,Qda Vainilla
0103005,10.762625742037377,Rio Maniti
0103006,3.808793992760754,Rio Amazonas
0103006,21.12667610106343,Rio Itaya
0103006,37.09106044712558,Qda Vainilla
0103006,10.474639629611444,Rio Maniti
0103008,4.2698456438255885,Rio Amazonas
0103008,21.515798071500303,Rio Itaya
0103008,36.62298219217762,Qda Vainilla
0103008,10.01261782037211,Rio Maniti
0103009,4.274747160918738,Rio Amazonas
0103009,21.515869721915966,Rio Itaya
0103009,36.61655866643073,Qda Vainilla
0103009,10.004492411116168,Rio Maniti
0103010,4.774279467568968,Rio Amazonas
0103010,21.93629341899969,Rio Itaya
0103010,36.11015833822783,Qda Vainilla
0103010,9.503726399506244,Rio Maniti
0103011,4.827696011387047,Rio Amazonas
0103011,21.968371615370984,Rio Itaya
0103011,36.05235166618501,Qda Vainilla
0103011,9.44075899644081,Rio Maniti
0105014,0.034664300711632866,Rio Amazonas
0105014,40.616572119218304,Rio Itaya
0105014,24.935618548334674,Qda Vainilla
0105014,9.383557996856922,Rio Maniti
0105016,0.03094390893723317,Rio Amazonas
0105016,40.43153302348317,Rio Itaya
0105016,25.150708597095907,Qda Vainilla
0105016,9.525418028743317,Rio Maniti
0105010,0.030393608199574547,Rio Amazonas
0105010,42.1273449806642,Rio Itaya
0105010,23.078941073196187,Qda Vainilla
0105010,8.248863189598454,Rio Maniti
0105011,0.03732846285063341,Rio Amazonas
0105011,43.20126670743539,Rio Itaya
0105011,21.606092466772,Qda Vainilla
0105011,7.464463727581053,Rio Maniti
0105012,0.030811838803485515,Rio Amazonas
0105012,41.197702595089474,Rio Itaya
0105012,24.225593410336295,Qda Vainilla
0105012,8.921546278121117,Rio Maniti
0105013,0.014464245405389082,Rio Amazonas
0105013,41.06024932480456,Rio Itaya
0105013,24.408720660400498,Qda Vainilla
0105013,9.044419961066355,Rio Maniti
0105007,0.014985912063524169,Rio Amazonas
0105007,41.55549719710021,Rio Itaya
0105007,23.79552009569612,Qda Vainilla
0105007,8.662896543178984,Rio Maniti
0105008,0.017333919044922347,Rio Amazonas
0105008,41.58099143446746,Rio Itaya
0105008,23.75973282972815,Qda Vainilla
0105008,8.639413568765372,Rio Maniti
0105009,0.03559291534036301,Rio Amazonas
0105009,42.08478857826017,Rio Itaya
0105009,23.128780253732227,Qda Vainilla
0105009,8.274471685457687,Rio Maniti
0105004,0.020087669411568556,Rio Amazonas
0105004,41.45442849694556,Rio Itaya
0105004,23.91205841183423,Qda Vainilla
0105004,8.729044893965519,Rio Maniti
0105005,0.004758338722741312,Rio Amazonas
0105005,41.465671993898184,Rio Itaya
0105005,23.91667534747447,Qda Vainilla
0105005,8.740903610415764,Rio Maniti
0105006,0.00961005585524221,Rio Amazonas
0105006,41.49837276457603,Rio Itaya
0105006,23.86687866665469,Qda Vainilla
0105006,8.70615559687062,Rio Maniti
0105001,7.99276622027135e-4,Rio Amazonas
0105001,41.32245278730873,Rio Itaya
0105001,24.10635791754762,Qda Vainilla
0105001,8.863451993330699,Rio Maniti
0112013,5.320382743100633,Rio Amazonas
0112013,46.696056684360975,Rio Itaya
0112013,10.871091355129336,Qda Vainilla
0112013,1.3024553854532708,Rio Maniti
0112014,5.328300004856039,Rio Amazonas
0112014,46.69754088040203,Rio Itaya
0112014,10.864415398055868,Qda Vainilla
0112014,1.311941864515035,Rio Maniti
0112015,5.334459995960836,Rio Amazonas
0112015,46.701529214194174,Rio Itaya
0112015,10.85609010767255,Qda Vainilla
0112015,1.3216584530460271,Rio Maniti
0112016,5.341091344076381,Rio Amazonas
0112016,46.70428232264806,Rio Itaya
0112016,10.848837109636664,Qda Vainilla
0112016,1.3308472793479715,Rio Maniti
0112017,5.355733356898882,Rio Amazonas
0112017,46.70698574048209,Rio Itaya
0112017,10.836574687026967,Qda Vainilla
0112017,1.3483559099436673,Rio Maniti
0112018,5.370909122512746,Rio Amazonas
0112018,46.71439850877373,Rio Itaya
0112018,10.818787639978812,Qda Vainilla
0112018,1.3702909726991854,Rio Maniti
0112019,5.377995176848314,Rio Amazonas
0112019,46.7170263158339,Rio Itaya
0112019,10.811413201614632,Qda Vainilla
0112019,1.3798463529308116,Rio Maniti
0112040,4.394205715072906,Rio Amazonas
0112040,46.39424239016781,Rio Itaya
0112040,11.848750652929422,Qda Vainilla
0112040,0.07096075780289693,Rio Maniti
0112041,4.427788631470821,Rio Amazonas
0112041,46.374609219971234,Rio Itaya
0112041,11.846223854544956,Qda Vainilla
0112041,0.08273723149719371,Rio Maniti
0112042,4.45517026462979,Rio Amazonas
0112042,46.35084393692036,Rio Itaya
0112042,11.853385369765748,Qda Vainilla
0112042,0.08610907257338282,Rio Maniti
0112043,4.500207944489223,Rio Amazonas
0112043,46.3261332045994,Rio Itaya
0112043,11.848396240399579,Qda Vainilla
0112043,0.11883086876375562,Rio Maniti
0112045,4.640516064306863,Rio Amazonas
0112045,46.25566793787265,Rio Itaya
0112045,11.826492802005212,Qda Vainilla
0112045,0.205775647336801,Rio Maniti
0112046,5.20637437232393,Rio Amazonas
0112046,46.65176923523532,Rio Itaya
0112046,10.992843728936347,Qda Vainilla
0112046,1.1475988339217744,Rio Maniti
0112030,5.353874708843966,Rio Amazonas
0112030,46.69808345135457,Rio Itaya
0112030,10.847601782865894,Qda Vainilla
0112030,1.3391121902201382,Rio Maniti
0112031,5.361570414306151,Rio Amazonas
0112031,46.702278600329265,Rio Itaya
0112031,10.838094298497463,Qda Vainilla
0112031,1.3505954201578698,Rio Maniti
0112034,5.413862886942283,Rio Amazonas
0112034,46.719680034489436,Rio Itaya
0112034,10.785951089124566,Qda Vainilla
0112034,1.4195083771547,Rio Maniti
0112035,4.318262569296922,Rio Amazonas
0112035,46.44221190028404,Rio Itaya
0112035,11.85068829633014,Qda Vainilla
0112035,0.00790632868290441,Rio Maniti
0112036,4.282118574745902,Rio Amazonas
0112036,46.47103468024366,Rio Itaya
0112036,11.844772909047789,Qda Vainilla
0112036,0.006059469300046537,Rio Maniti
0112037,4.273898100423377,Rio Amazonas
0112037,46.475371968787435,Rio Itaya
0112037,11.846052718671856,Qda Vainilla
0112037,0.0031606308212865104,Rio Maniti
0112038,4.237977791718086,Rio Amazonas
0112038,46.51297265641696,Rio Itaya
0112038,11.829811793480241,Qda Vainilla
0112038,0.004410401994730778,Rio Maniti
0112039,4.353064718915228,Rio Amazonas
0112039,46.41824068866565,Rio Itaya
0112039,11.852064901610042,Qda Vainilla
0112039,0.030066200753174354,Rio Maniti
0117027,2.3937849688236352,Rio Amazonas
0117027,49.04351758086294,Rio Itaya
0117027,15.838291094329675,Qda Vainilla
0117027,6.068373373046495,Rio Maniti
0117028,2.7281826162709497,Rio Amazonas
0117028,50.85900808136837,Rio Itaya
0117028,14.332744210078747,Qda Vainilla
0117028,5.007893514279103,Rio Maniti
0117029,2.601820989136591,Rio Amazonas
0117029,50.26121137319115,Rio Itaya
0117029,15.0276500400304,Qda Vainilla
0117029,5.630575037855746,Rio Maniti
0117030,2.6362944267991577,Rio Amazonas
0117030,50.06140575371433,Rio Itaya
0117030,15.18714296816391,Qda Vainilla
0117030,5.767885279171145,Rio Maniti
0117005,2.7345613841501963,Rio Amazonas
0117005,50.904872470175505,Rio Itaya
0117005,14.286662587250847,Qda Vainilla
0117005,4.969233758760902,Rio Maniti
0117011,2.6931027930063016,Rio Amazonas
0117011,50.80090034983176,Rio Itaya
0117011,14.418570185261382,Qda Vainilla
0117011,5.086674060151309,Rio Maniti
0117013,2.6774798445283765,Rio Amazonas
0117013,50.70762153254789,Rio Itaya
0117013,14.518283543302383,Qda Vainilla
0117013,5.172919138179337,Rio Maniti
0117014,2.6808581565930574,Rio Amazonas
0117014,50.691475008831034,Rio Itaya
0117014,14.529756566951797,Qda Vainilla
0117014,5.181732715234207,Rio Maniti
0117015,2.673893271688018,Rio Amazonas
0117015,50.658549839140505,Rio Itaya
0117015,14.56803649807055,Qda Vainilla
0117015,5.215732626150518,Rio Maniti
0117024,2.322001850072424,Rio Amazonas
0117024,48.847181178091375,Rio Itaya
0117024,15.986791760157722,Qda Vainilla
0117024,6.1172046798049236,Rio Maniti
0117025,2.3082532271423126,Rio Amazonas
0117025,48.80016212772048,Rio Itaya
0117025,16.028432846036505,Qda Vainilla
0117025,6.136030548240514,Rio Maniti
0117026,2.3039162615716027,Rio Amazonas
0117026,48.73677580081846,Rio Itaya
0117026,16.103906708574492,Qda Vainilla
0117026,6.182058435266031,Rio Maniti
0117016,2.645869008447214,Rio Amazonas
0117016,50.571218572656164,Rio Itaya
0117016,14.67887408616753,Qda Vainilla
0117016,5.316315709295603,Rio Maniti
0117017,2.635523274322423,Rio Amazonas
0117017,50.31699456483839,Rio Itaya
0117017,14.94236255749783,Qda Vainilla
0117017,5.549553444348133,Rio Maniti
0117018,2.5848399464382843,Rio Amazonas
0117018,49.87181205151109,Rio Itaya
0117018,15.398366967871786,Qda Vainilla
0117018,5.967940426916369,Rio Maniti
0117019,2.5345043643706067,Rio Amazonas
0117019,49.76212372169458,Rio Itaya
0117019,15.497054357353385,Qda Vainilla
0117019,6.072506787665852,Rio Maniti
0117002,2.718161604357034,Rio Amazonas
0117002,50.907508626002084,Rio Itaya
0117002,14.198975160031242,Qda Vainilla
0117002,4.87543870130302,Rio Maniti
0117003,2.7368463809632395,Rio Amazonas
0117003,50.94992532766738,Rio Itaya
0117003,14.245499769214,Qda Vainilla
0117003,4.935904650105544,Rio Maniti
0117004,2.7274562615465596,Rio Amazonas
0117004,50.9230617633235,Rio Itaya
0117004,14.278161316355995,Qda Vainilla
0117004,4.964489671297251,Rio Maniti
0117006,2.673602840334368,Rio Amazonas
0117006,50.93558831568941,Rio Itaya
0117006,14.321948655617346,Qda Vainilla
0117006,5.014688556848859,Rio Maniti
0113012,3.2113223109459508,Rio Amazonas
0113012,26.343845462199493,Rio Itaya
0113012,32.56231936927887,Qda Vainilla
0113012,7.120468316345587,Rio Maniti
0113013,3.1559156810247146,Rio Amazonas
0113013,26.720857217262925,Rio Itaya
0113013,32.08822162288721,Qda Vainilla
0113013,6.719609304543931,Rio Maniti
0113001,3.3006343889504426,Rio Amazonas
0113001,26.52713215002799,Rio Itaya
0113001,32.23407315016923,Qda Vainilla
0113001,6.768821356512484,Rio Maniti
0113002,3.264271497733559,Rio Amazonas
0113002,26.528814974869043,Rio Itaya
0113002,32.26088074514069,Qda Vainilla
0113002,6.8133093774273865,Rio Maniti
0113003,3.222323232832066,Rio Amazonas
0113003,26.536133584740607,Rio Itaya
0113003,32.28490823622719,Qda Vainilla
0113003,6.8585397102217405,Rio Maniti
0113004,3.20289498487618,Rio Amazonas
0113004,26.579210767749057,Rio Itaya
0113004,32.24155337948496,Qda Vainilla
0113004,6.8299053368119145,Rio Maniti
0113005,3.1774216816120195,Rio Amazonas
0113005,26.61581322064745,Rio Itaya
0113005,32.212244342406855,Qda Vainilla
0113005,6.817748994534552,Rio Maniti
0113006,3.1683806628379414,Rio Amazonas
0113006,26.63155380566006,Rio Itaya
0113006,32.198167242161425,Qda Vainilla
0113006,6.810211366340047,Rio Maniti
0113007,3.143493723887943,Rio Amazonas
0113007,26.658218443042088,Rio Itaya
0113007,32.182048051253616,Qda Vainilla
0113007,6.809870733830972,Rio Maniti
0113008,3.1336350362556873,Rio Amazonas
0113008,26.67132363631442,Rio Itaya
0113008,32.17225893335166,Qda Vainilla
0113008,6.806747779079767,Rio Maniti
0113009,3.0966453673262904,Rio Amazonas
0113009,26.761296809701552,Rio Itaya
0113009,32.08091141616223,Qda Vainilla
0113009,6.7471103913711765,Rio Maniti
0113010,3.104258409554165,Rio Amazonas
0113010,26.764153108615037,Rio Itaya
0113010,32.0710480762864,Qda Vainilla
0113010,6.73403612070251,Rio Maniti
0115005,1.9939148971857301,Rio Amazonas
0115005,48.34112356494,Rio Itaya
0115005,16.194526022733292,Qda Vainilla
0115005,6.081208001373859,Rio Maniti
0115019,1.8857098911218009,Rio Amazonas
0115019,49.01947349934029,Rio Itaya
0115019,15.238149639237058,Qda Vainilla
0115019,5.437205646758973,Rio Maniti
0115020,1.8764906284175928,Rio Amazonas
0115020,49.09675950572365,Rio Itaya
0115020,15.136730217018386,Qda Vainilla
0115020,5.377862100340606,Rio Maniti
0115026,2.0488779516099975,Rio Amazonas
0115026,48.991107637887566,Rio Itaya
0115026,15.471837468659253,Qda Vainilla
0115026,5.662430072673096,Rio Maniti
0115022,1.8706780815957254,Rio Amazonas
0115022,49.42750586291658,Rio Itaya
0115022,14.766771734034766,Qda Vainilla
0115022,5.164936552312058,Rio Maniti
0115004,2.007751055584193,Rio Amazonas
0115004,48.268018616218924,Rio Itaya
0115004,16.304385164477996,Qda Vainilla
0115004,6.162737543916787,Rio Maniti
0115011,1.8417574516380422,Rio Amazonas
0115011,48.43575654329636,Rio Itaya
0115011,15.872727111344503,Qda Vainilla
0115011,5.787268496601883,Rio Maniti
0115018,1.8805352980690047,Rio Amazonas
0115018,48.90582442617466,Rio Itaya
0115018,15.360958790089585,Qda Vainilla
0115018,5.499626790274756,Rio Maniti
0115010,1.859318642053063,Rio Amazonas
0115010,48.421514418943424,Rio Itaya
0115010,15.914413442325461,Qda Vainilla
0115010,5.824239213566655,Rio Maniti
0115021,1.891590237886719,Rio Amazonas
0115021,49.375719661467954,Rio Itaya
0115021,14.845613573791443,Qda Vainilla
0115021,5.22349302384939,Rio Maniti
0115031,2.1034760557134424,Rio Amazonas
0115031,48.947936821749664,Rio Itaya
0115031,15.586894396885013,Qda Vainilla
0115031,5.757326769721426,Rio Maniti
0115009,1.9068354755520271,Rio Amazonas
0115009,48.435744925845796,Rio Itaya
0115009,15.959187733258277,Qda Vainilla
0115009,5.878727966174574,Rio Maniti
0115023,1.8743307713522595,Rio Amazonas
0115023,49.55538362327718,Rio Itaya
0115023,14.62754542817968,Qda Vainilla
0115023,5.080868425728652,Rio Maniti
0115024,1.8673557114091293,Rio Amazonas
0115024,49.597499035110275,Rio Itaya
0115024,14.570153963605827,Qda Vainilla
0115024,5.041877960455274,Rio Maniti
0102048,0.12477058721323321,Rio Maniti
0102048,53.2545945964022,Rio Itaya
0102048,8.305771329397805,Qda Vainilla
0102048,0.749106139157626,Rio Maniti
0102049,0.1260533174715296,Rio Maniti
0102049,53.266596579692695,Rio Itaya
0102049,8.291587885038235,Qda Vainilla
0102049,0.7638320643714931,Rio Maniti
0102050,0.1287485216144296,Rio Maniti
0102050,53.279303031341165,Rio Itaya
0102050,8.278065469399156,Qda Vainilla
0102050,0.7786458986364917,Rio Maniti
0102051,0.13729964604312436,Rio Maniti
0102051,53.29754870287052,Rio Itaya
0102051,8.264302611265531,Qda Vainilla
0102051,0.7969557595280878,Rio Maniti
0102053,0.13876997571403027,Rio Amazonas
0102053,53.3504705745169,Rio Itaya
0102053,8.201163093402108,Qda Vainilla
0102053,0.8623182855820479,Rio Maniti
0102054,0.1441808368232084,Rio Maniti
0102054,53.38146652338741,Rio Itaya
0102054,8.169077291226998,Qda Vainilla
0102054,0.8980453917587552,Rio Maniti
0102040,0.11369519906973066,Rio Amazonas
0102040,53.14892872210766,Rio Itaya
0102040,8.41898002577363,Qda Vainilla
0102040,0.6257860276998821,Rio Maniti
0102041,0.11440580474138849,Rio Amazonas
0102041,53.161182163013535,Rio Itaya
0102041,8.40677860804971,Qda Vainilla
0102041,0.6395982890670977,Rio Maniti
0102042,0.1143646354911339,Rio Maniti
0102042,53.176939335320846,Rio Itaya
0102042,8.389845514925806,Qda Vainilla
0102042,0.6579922399193867,Rio Maniti
0102043,0.11649809822475064,Rio Amazonas
0102043,53.20448400382562,Rio Itaya
0102043,8.361585028641644,Qda Vainilla
0102043,0.6894859214062491,Rio Maniti
0102044,0.11830303848203373,Rio Maniti
0102044,53.216630502814226,Rio Itaya
0102044,8.347987945106501,Qda Vainilla
0102044,0.7039604666434608,Rio Maniti
0102045,0.10311939512125802,Rio Amazonas
0102045,53.197220470426984,Rio Itaya
0102045,8.356287423726709,Qda Vainilla
0102045,0.6878091191110424,Rio Maniti
0102046,0.10545928510759285,Rio Maniti
0102046,53.20576375123053,Rio Itaya
0102046,8.3478687233713,Qda Vainilla
0102046,0.6974051421204799,Rio Maniti
0102055,0.1582925940827237,Rio Amazonas
0102055,53.40817467923227,Rio Itaya
0102055,8.151549387449899,Qda Vainilla
0102055,0.923448201987476,Rio Maniti
0102056,0.15862345357812496,Rio Maniti
0102056,53.414449500737135,Rio Itaya
0102056,8.144250228834519,Qda Vainilla
0102056,0.9311068110803435,Rio Maniti
0102063,0.01950375967848998,Rio Maniti
0102063,52.89145986217525,Rio Itaya
0102063,8.561216556463625,Qda Vainilla
0102063,0.41009849944414467,Rio Maniti
0102064,0.013449672303522857,Rio Maniti
0102064,52.754449041901744,Rio Itaya
0102064,8.73013866236617,Qda Vainilla
0102064,0.23491947364728996,Rio Maniti
0102034,0.11801949230663411,Rio Maniti
0102034,52.997599514816855,Rio Itaya
0102034,8.575177392929467,Qda Vainilla
0102034,0.4528336784015439,Rio Maniti
0102035,0.12494737711683367,Rio Maniti
0102035,53.02996126200624,Rio Itaya
0102035,8.54359201164133,Qda Vainilla
0102035,0.488881111768165,Rio Maniti
0102036,0.1229378743281156,Rio Maniti
0102036,53.025055542538354,Rio Itaya
0102036,8.547383392240532,Qda Vainilla
0102036,0.48388820770974117,Rio Maniti
0102038,0.12686078227304662,Rio Amazonas
0102038,53.06718899662068,Rio Itaya
0102038,8.508410279411237,Qda Vainilla
0102038,0.5298278058309361,Rio Maniti
0102039,0.1184726605081576,Rio Maniti
0102039,53.13658968898208,Rio Itaya
0102039,8.435127700546948,Qda Vainilla
0102039,0.6099607671380121,Rio Maniti
0102030,0.12239612492648798,Rio Maniti
0102030,52.88475797174641,Rio Itaya
0102030,8.71511563002263,Qda Vainilla
0102030,0.31587458560280823,Rio Maniti
0102031,0.11773273331161607,Rio Maniti
0102031,52.92235244668507,Rio Itaya
0102031,8.665135085424774,Qda Vainilla
0102031,0.3620704744392402,Rio Maniti
0102033,0.11359540538912288,Rio Maniti
0102033,52.9599111845917,Rio Itaya
0102033,8.615783013922762,Qda Vainilla
0102033,0.40913621033369946,Rio Maniti
0102020,0.18733500705525094,Rio Amazonas
0102020,52.79687977365374,Rio Itaya
0102020,8.88934990304092,Qda Vainilla
0102020,0.22682396651317027,Rio Maniti
0125017,6.292587060785585,Rio Amazonas
0125017,0.025125458757483052,Rio Itaya
0125017,72.80138173806934,Qda Vainilla
0125017,34.667449391437344,Rio Maniti
0125018,6.283799224193336,Rio Amazonas
0125018,0.02467884521543646,Rio Itaya
0125018,72.79094957901432,Qda Vainilla
0125018,34.65727263572644,Rio Maniti
0125019,6.200475288831288,Rio Amazonas
0125019,0.03137232091588647,Rio Itaya
0125019,72.6833478336302,Qda Vainilla
0125019,34.553758544907964,Rio Maniti
0125020,6.067115476561524,Rio Amazonas
0125020,0.005216703233886257,Rio Itaya
0125020,72.48133681390026,Qda Vainilla
0125020,34.36351379872116,Rio Maniti
0125021,6.425816656617275,Rio Amazonas
0125021,0.010192376325981389,Rio Itaya
0125021,72.96698967268603,Qda Vainilla
0125021,34.82747906428515,Rio Maniti
0125022,6.450473461507812,Rio Amazonas
0125022,0.005526731878023498,Rio Itaya
0125022,73.0022250893835,Qda Vainilla
0125022,34.86066133890784,Rio Maniti
0125023,6.466007391856722,Rio Amazonas
0125023,0.007512112201736514,Rio Itaya
0125023,73.02134465548268,Qda Vainilla
0125023,34.87913359076617,Rio Maniti
0125024,6.5107967535914035,Rio Amazonas
0125024,0.030013089648912947,Rio Itaya
0125024,73.08257102709996,Qda Vainilla
0125024,34.93717819533809,Rio Maniti
0125025,6.524730051458036,Rio Amazonas
0125025,0.04068533274911206,Rio Itaya
0125025,73.10286775101453,Qda Vainilla
0125025,34.95620796393841,Rio Maniti
0125031,6.666869586611387,Rio Amazonas
0125031,0.09054415114307597,Rio Itaya
0125031,73.2843278995179,Qda Vainilla
0125031,35.12993310461786,Rio Maniti
0125032,6.690455194521001,Rio Amazonas
0125032,0.08827867146145556,Rio Itaya
0125032,73.31057558522095,Qda Vainilla
0125032,35.15572621710261,Rio Maniti
0125033,6.697060066267853,Rio Amazonas
0125033,0.1043615620521183,Rio Itaya
0125033,73.32322916362618,Qda Vainilla
0125033,35.167030569924215,Rio Maniti
0125034,6.7136740907721535,Rio Amazonas
0125034,0.11135336928290243,Rio Itaya
0125034,73.34435162601363,Qda Vainilla
0125034,35.187213481504756,Rio Maniti
0125035,6.714884007597172,Rio Amazonas
0125035,0.14051813346752184,Rio Itaya
0125035,73.35464924768964,Qda Vainilla
0125035,35.1953946689092,Rio Maniti
0125036,6.721498850257043,Rio Amazonas
0125036,0.16902916812787244,Rio Itaya
0125036,73.37043204517994,Qda Vainilla
0125036,35.20905010236882,Rio Maniti
0125037,6.744567164177329,Rio Amazonas
0125037,0.18632753833127766,Rio Itaya
0125037,73.4011267907262,Qda Vainilla
0125037,35.23805481265388,Rio Maniti
0125026,6.5852689968913705,Rio Amazonas
0125026,0.06378894306465697,Rio Itaya
0125026,73.1816547036891,Qda Vainilla
0125026,35.031439977740234,Rio Maniti
0125027,6.594624392762621,Rio Amazonas
0125027,0.07323793869452144,Rio Itaya
0125027,73.19564711476983,Qda Vainilla
0125027,35.04446799957751,Rio Maniti
0125028,6.624892632302772,Rio Amazonas
0125028,0.0648555923363187,Rio Itaya
0125028,73.22770060983207,Qda Vainilla
0125028,35.076332693180916,Rio Maniti
0125029,6.633838731275377,Rio Amazonas
0125029,0.0703924289244047,Rio Itaya
0125029,73.23983911559223,Qda Vainilla
0125029,35.087816817874746,Rio Maniti
0125030,6.648403121168777,Rio Amazonas
0125030,0.08894221100374848,Rio Itaya
0125030,73.2626585696478,Qda Vainilla
0125030,35.1088704080142,Rio Maniti
0127001,21.173699423128834,Rio Amazonas
0127001,0.2566389911875494,Rio Itaya
0127001,87.26686195093247,Qda Vainilla
0127001,49.03424549489613,Rio Maniti
0127002,21.181698026405517,Rio Amazonas
0127002,0.2681906601502427,Rio Itaya
0127002,87.27685155761135,Qda Vainilla
0127002,49.04399491124083,Rio Maniti
0127003,21.216056067237695,Rio Amazonas
0127003,0.3154622437696484,Rio Itaya
0127003,87.31841916311325,Qda Vainilla
0127003,49.08471133251607,Rio Maniti
0127004,21.252873489853204,Rio Amazonas
0127004,0.3390185302478388,Rio Itaya
0127004,87.3499899159705,Qda Vainilla
0127004,49.11710907929603,Rio Maniti
0127005,21.29022215643668,Rio Amazonas
0127005,0.36252852824176734,Rio Itaya
0127005,87.37961381640167,Qda Vainilla
0127005,49.14790047541398,Rio Maniti
0127006,21.323466994626152,Rio Amazonas
0127006,0.3858638926723861,Rio Itaya
0127006,87.40542813825813,Qda Vainilla
0127006,49.17483529921806,Rio Maniti
0127007,21.348537054201213,Rio Amazonas
0127007,0.401048221802435,Rio Itaya
0127007,87.42161882853672,Qda Vainilla
0127007,49.19232213898678,Rio Maniti
0127008,21.319634676325947,Rio Amazonas
0127008,0.35986050104845735,Rio Itaya
0127008,87.38454531281718,Qda Vainilla
0127008,49.156264355032825,Rio Maniti
0127009,21.30468808940157,Rio Amazonas
0127009,0.3419249568273334,Rio Itaya
0127009,87.36725363700174,Qda Vainilla
0127009,49.13924082614163,Rio Maniti
0127010,21.293277450073358,Rio Amazonas
0127010,0.32217667197636707,Rio Itaya
0127010,87.35229456797555,Qda Vainilla
0127010,49.12472737104187,Rio Maniti
0127011,21.260238709295596,Rio Amazonas
0127011,0.30779762995539806,Rio Itaya
0127011,87.32774946320134,Qda Vainilla
0127011,49.09890348945933,Rio Maniti
0127012,21.233673096991385,Rio Amazonas
0127012,0.2868176909445375,Rio Itaya
0127012,87.30740402851504,Qda Vainilla
0127012,49.07761813464673,Rio Maniti
0127013,21.213996856782767,Rio Amazonas
0127013,0.2697478004882381,Rio Itaya
0127013,87.28982025301629,Qda Vainilla
0127013,49.05968174562127,Rio Maniti
0127014,21.205117107872244,Rio Amazonas
0127014,0.26642065992869196,Rio Itaya
0127014,87.2853148682593,Qda Vainilla
0127014,49.05455309527721,Rio Maniti
0127015,21.29954561803501,Rio Amazonas
0127015,0.34806741247420014,Rio Itaya
0127015,87.36805821320951,Qda Vainilla
0127015,49.13921392711444,Rio Maniti
0131016,12.024999937318228,Rio Amazonas
0131016,1.6116661023255634,Rio Itaya
0131016,78.80706320007111,Qda Vainilla
0131016,40.622263545179244,Rio Maniti
0131017,12.040012491225328,Rio Amazonas
0131017,1.6630096179736615,Rio Itaya
0131017,78.81399472235312,Qda Vainilla
0131017,40.63250944011174,Rio Maniti
0131018,11.989048805355878,Rio Amazonas
0131018,1.6211715401035343,Rio Itaya
0131018,78.76377676379022,Qda Vainilla
0131018,40.58189626139398,Rio Maniti
0109041,0.0933373295384411,Rio Amazonas
0109041,38.40908987218521,Rio Itaya
0109041,28.52245059009884,Qda Vainilla
0109041,12.361785695054662,Rio Maniti
0109035,0.03465872444905877,Rio Amazonas
0109035,38.046493309770185,Rio Itaya
0109035,28.80858452214768,Qda Vainilla
0109035,12.547578358737365,Rio Maniti
0109039,0.11160322917845131,Rio Amazonas
0109039,38.417991416088945,Rio Itaya
0109039,28.533702943508608,Qda Vainilla
0109039,12.377094041870627,Rio Maniti
0109038,0.1188318961804917,Rio Amazonas
0109038,38.421816439439,Rio Itaya
0109038,28.53789652800677,Qda Vainilla
0109038,12.382977116688199,Rio Maniti
0109037,0.057871270736919604,Rio Amazonas
0109037,37.957190977010285,Rio Itaya
0109037,28.924701734809496,Qda Vainilla
0109037,12.6437772334667,Rio Maniti
0109036,0.045634396293608485,Rio Amazonas
0109036,38.03498746579262,Rio Itaya
0109036,28.83237528032005,Qda Vainilla
0109036,12.569513960701048,Rio Maniti
0134019,12.95646957773178,Rio Amazonas
0134019,0.22609028131674808,Rio Itaya
0134019,79.83978034388177,Qda Vainilla
0134019,41.59185399853691,Rio Maniti
0134031,12.778653254050877,Rio Amazonas
0134031,0.32547756008816753,Rio Itaya
0134031,79.65740419054376,Qda Vainilla
0134031,41.41782196471606,Rio Maniti
0134030,13.04282009775359,Rio Amazonas
0134030,0.3159457271540486,Rio Itaya
0134030,79.92586983461993,Qda Vainilla
0134030,41.67873475394448,Rio Maniti
0134026,12.965351059453203,Rio Amazonas
0134026,0.32810125717523364,Rio Itaya
0134026,79.84642987155381,Qda Vainilla
0134026,41.60345838317976,Rio Maniti
0134025,12.946840816634715,Rio Amazonas
0134025,0.30571499707627003,Rio Itaya
0134025,79.82816622677815,Qda Vainilla
0134025,41.58477887204954,Rio Maniti
0134024,12.903075270354433,Rio Amazonas
0134024,0.2577986445475628,Rio Itaya
0134024,79.78482916683299,Qda Vainilla
0134024,41.54067728760331,Rio Maniti
0134023,12.936628995744393,Rio Amazonas
0134023,0.22726787794530945,Rio Itaya
0134023,79.81957094080126,Qda Vainilla
0134023,41.57277005521184,Rio Maniti
0134022,12.95345658925314,Rio Amazonas
0134022,0.24059731898432668,Rio Itaya
0134022,79.83641092462328,Qda Vainilla
0134022,41.58957116413496,Rio Maniti
0134001,12.616377406725789,Rio Amazonas
0134001,0.39835872906061265,Rio Itaya
0134001,79.49161641335452,Qda Vainilla
0134001,41.256017888526124,Rio Maniti
0134002,12.720872066043436,Rio Amazonas
0134002,0.37052488541388967,Rio Itaya
0134002,79.59771983447112,Qda Vainilla
0134002,41.36040497797817,Rio Maniti
0134003,12.739057518370698,Rio Amazonas
0134003,0.3622108705799545,Rio Itaya
0134003,79.61631452330266,Qda Vainilla
0134003,41.37853666254308,Rio Maniti
0134004,12.731780254674266,Rio Amazonas
0134004,0.329500696845288,Rio Itaya
0134004,79.609954098524085,Qda Vainilla
0134004,41.371095968073135,Rio Maniti
0134005,12.743039753320923,Rio Amazonas
0134005,0.31842952982613676,Rio Itaya
0134005,79.62163009604365,Qda Vainilla
0134005,41.38225544358567,Rio Maniti
0134006,12.76928242475182,Rio Amazonas
0134006,0.3358340893937003,Rio Itaya
0134006,79.6476407741193,Qda Vainilla
0134006,41.40855246535909,Rio Maniti
0134007,12.815510493014667,Rio Amazonas
0134007,0.31631589776610447,Rio Itaya
0134007,79.69487039557917,Qda Vainilla
0134007,41.4544851046643,Rio Maniti
0134008,12.845999128338077,Rio Amazonas
0134008,0.31048901335896123,Rio Itaya
0134008,79.72579041687797,Qda Vainilla
0134008,41.48480615903239,Rio Maniti
0134009,12.811941353594905,Rio Amazonas
0134009,0.21808063606406988,Rio Itaya
0134009,79.69349080257763,Qda Vainilla
0134009,41.44973647094845,Rio Maniti
0106034,0.04233260851874449,Rio Amazonas
0106034,38.86181474918093,Rio Itaya
0106034,28.061558777787766,Qda Vainilla
0106034,12.02643423887297,Rio Maniti
0106035,0.0635359635899552,Rio Amazonas
0106035,38.82031785240516,Rio Itaya
0106035,28.132119510405982,Qda Vainilla
0106035,12.087428057423852,Rio Maniti
0106036,0.052476631227000074,Rio Amazonas
0106036,38.78457970639774,Rio Itaya
0106036,28.154816549958902,Qda Vainilla
0106036,12.098816049030976,Rio Maniti
0106037,0.060233606736830383,Rio Amazonas
0106037,38.77320805270767,Rio Itaya
0106037,28.172664895572904,Qda Vainilla
0106037,12.113958591800717,Rio Maniti
0106038,0.027612069304603904,Rio Amazonas
0106038,38.726755145658466,Rio Itaya
0106038,28.17887262999519,Qda Vainilla
0106038,12.103666455170469,Rio Maniti
0106039,0.16226143926398434,Rio Amazonas
0106039,39.60361726305265,Rio Itaya
0106039,27.396173454144424,Qda Vainilla
0106039,11.598424112125537,Rio Maniti
0106040,0.05880410448776263,Rio Amazonas
0106040,39.57582199252519,Rio Itaya
0106040,27.307900562251156,Qda Vainilla
0106040,11.49142373247334,Rio Maniti
0106021,0.1199185295071996,Rio Amazonas
0106021,39.0708657694608,Rio Itaya
0106021,27.926394534674916,Qda Vainilla
0106021,11.959152640298417,Rio Maniti
0106022,0.12326069598320326,Rio Amazonas
0106022,39.05912970698399,Rio Itaya
0106022,27.941923647950023,Qda Vainilla
0106022,11.971454783032991,Rio Maniti
0106023,0.14777007698635902,Rio Amazonas
0106023,39.06490088181417,Rio Itaya
0106023,27.963461549218795,Qda Vainilla
0106023,11.99694991627059,Rio Maniti
0106024,0.14878096031166554,Rio Amazonas
0106024,39.05285763255992,Rio Itaya
0106024,27.976706837447647,Qda Vainilla
0106024,12.006668390432392,Rio Maniti
0106025,0.147340244459433,Rio Amazonas
0106025,39.034477503767384,Rio Itaya
0106025,27.994297346264084,Qda Vainilla
0106025,12.018680017297198,Rio Maniti
0106055,0.03638954954064211,Rio Amazonas
0106055,40.11316015393431,Rio Itaya
0106055,26.723600653768035,Qda Vainilla
0106055,11.091946391758858,Rio Maniti
0106056,0.06205383646635366,Rio Amazonas
0106056,40.120988512513016,Rio Itaya
0106056,26.74714363409065,Qda Vainilla
0106056,11.120908729808702,Rio Maniti
0106057,0.1085561579786186,Rio Amazonas
0106057,40.1342742217078,Rio Itaya
0106057,26.791093870702085,Qda Vainilla
0106057,11.174329199460047,Rio Maniti
0106059,0.07607125703416162,Rio Amazonas
0106059,40.14430108286857,Rio Itaya
0106059,26.73487106010581,Qda Vainilla
0106059,11.118166878915739,Rio Maniti
0106060,0.05224190906858485,Rio Amazonas
0106060,40.16435843819208,Rio Itaya
0106060,26.681644079434346,Qda Vainilla
0106060,11.069762002719227,Rio Maniti
0106062,0.06549768119070384,Rio Amazonas
0106062,40.23502077024889,Rio Itaya
0106062,26.6054988920915,Qda Vainilla
0106062,11.019751018093478,Rio Maniti
0120003,23.288728121157643,Rio Amazonas
0120003,0.08477580034896352,Rio Itaya
0120003,89.03520609507052,Qda Vainilla
0120003,50.86351491015929,Rio Maniti
0120004,23.413727684709926,Rio Amazonas
0120004,0.03636658505415254,Rio Itaya
0120004,89.15009754251993,Qda Vainilla
0120004,50.98070683146667,Rio Maniti
0120005,23.381494920077824,Rio Amazonas
0120005,0.11194554665139661,Rio Itaya
0120005,89.10067844936042,Qda Vainilla
0120005,50.93395264361854,Rio Maniti
0120006,23.400007874598213,Rio Amazonas
0120006,0.16416752113556415,Rio Itaya
0120006,89.09946076559099,Qda Vainilla
0120006,50.936097953933334,Rio Maniti
0120007,23.310072775411367,Rio Amazonas
0120007,0.06231405510739933,Rio Itaya
0120007,89.05857698398492,Qda Vainilla
0120007,50.88666353068618,Rio Maniti
0120008,23.251899574324117,Rio Amazonas
0120008,0.13366967523487744,Rio Itaya
0120008,88.98219647260787,Qda Vainilla
0120008,50.81296413923632,Rio Maniti
0120009,23.276241054424794,Rio Amazonas
0120009,0.16644391329867209,Rio Itaya
0120009,88.99325675272043,Qda Vainilla
0120009,50.82633337915324,Rio Maniti
0120010,23.203115911986675,Rio Amazonas
0120010,0.07399717613879866,Rio Itaya
0120010,88.95024481614382,Qda Vainilla
0120010,50.77800878753743,Rio Maniti
0120011,23.29062538095288,Rio Amazonas
0120011,0.1877414149045636,Rio Itaya
0120011,89.00103696302773,Qda Vainilla
0120011,50.83527757805128,Rio Maniti
0120013,23.157970164424913,Rio Amazonas
0120013,0.05937521921449537,Rio Itaya
0120013,88.88068305520159,Qda Vainilla
0120013,50.71220047936559,Rio Maniti
0119002,1.988057805336207,Rio Amazonas
0119002,0.3541107226867522,Rio Itaya
0119002,58.014296906641746,Qda Vainilla
0119002,21.861394201480053,Rio Maniti
0119003,1.9741780242571247,Rio Amazonas
0119003,0.3837696837361351,Rio Itaya
0119003,58.02789637856406,Qda Vainilla
0119003,21.886003966028493,Rio Maniti
0119004,1.9538963112841112,Rio Amazonas
0119004,0.40733442991802876,Rio Itaya
0119004,58.01930407695943,Qda Vainilla
0119004,21.884327863456885,Rio Maniti
0119005,1.699209057142214,Rio Amazonas
0119005,0.6839271864049277,Rio Itaya
0119005,57.879739127766214,Qda Vainilla
0119005,21.82345218953582,Rio Maniti
0119006,1.684070718815046,Rio Amazonas
0119006,0.7034367203516477,Rio Itaya
0119006,57.874448670134676,Qda Vainilla
0119006,21.82420327963732,Rio Maniti
0119008,2.072247029331732,Rio Amazonas
0119008,0.2867754737862882,Rio Itaya
0119008,58.09016889931905,Qda Vainilla
0119008,21.922053580526505,Rio Maniti
0119009,1.6398505382666198,Rio Amazonas
0119009,0.7462977652850536,Rio Itaya
0119009,57.84292697812232,Qda Vainilla
0119009,21.804019715531936,Rio Maniti
0123034,1.3916569855642065,Rio Amazonas
0123034,0.009318471380300565,Rio Itaya
0123034,57.92583963320204,Qda Vainilla
0123034,22.200318799546004,Rio Maniti
0123035,1.3930537865879193,Rio Amazonas
0123035,0.014606652254642269,Rio Itaya
0123035,57.927692673915594,Qda Vainilla
0123035,22.20374627450969,Rio Maniti
0123036,1.3935706600413555,Rio Amazonas
0123036,0.002677261079188995,Rio Itaya
0123036,57.926687642133096,Qda Vainilla
0123036,22.197123088686944,Rio Maniti
0123037,1.3983227817437078,Rio Amazonas
0123037,0.0041874979443216635,Rio Itaya
0123037,57.93127704058766,Qda Vainilla
0123037,22.200783591525106,Rio Maniti
0123038,1.4305961990604685,Rio Amazonas
0123038,0.00288936455535008,Rio Itaya
0123038,57.963458739152784,Qda Vainilla
0123038,22.230382386519985,Rio Maniti
0123039,1.427501826405533,Rio Amazonas
0123039,0.004482965204626536,Rio Itaya
0123039,57.96024441966393,Qda Vainilla
0123039,22.226943041366415,Rio Maniti
0123001,1.1802825483852724,Rio Amazonas
0123001,5.379181477487464e-4,Rio Itaya
0123001,57.714953043872605,Qda Vainilla
0123001,22.006145924351582,Rio Maniti
0123002,1.1706787632426903,Rio Amazonas
0123002,0.0016853436188583157,Rio Itaya
0123002,57.705607140272235,Qda Vainilla
0123002,21.998436895098575,Rio Maniti
0123004,1.1869577274679493,Rio Amazonas
0123004,0.03257339137732059,Rio Itaya
0123004,57.71876972703206,Qda Vainilla
0123004,21.99891359020745,Rio Maniti
0123005,1.2049822082540986,Rio Amazonas
0123005,0.002404649587675194,Rio Itaya
0123005,57.739329504020965,Qda Vainilla
0123005,22.0275717342357,Rio Maniti
0123006,1.2191519301206937,Rio Amazonas
0123006,0.005141429726246987,Rio Itaya
0123006,57.754073351414384,Qda Vainilla
0123006,22.043425976619798,Rio Maniti
0123007,1.2092801930522434,Rio Amazonas
0123007,0.005123585653803841,Rio Itaya
0123007,57.74426353728049,Qda Vainilla
0123007,22.034546164808916,Rio Maniti
0123008,1.226080525649004,Rio Amazonas
0123008,0.036035876777493744,Rio Itaya
0123008,57.757340787614666,Qda Vainilla
0123008,22.032674955622372,Rio Maniti
0123010,1.24155171459543,Rio Amazonas
0123010,0.002090249675040738,Rio Itaya
0123010,57.77606025073597,Qda Vainilla
0123010,22.062301987036822,Rio Maniti
0123011,1.2719203809107626,Rio Amazonas
0123011,0.038380476279637414,Rio Itaya
0123011,57.80268512348413,Qda Vainilla
0123011,22.07295971260584,Rio Maniti
0123013,1.2503925487911949,Rio Amazonas
0123013,0.0023700473549235017,Rio Itaya
0123013,57.78445163551025,Qda Vainilla
0123013,22.068411084651856,Rio Maniti
0123014,1.290941194962217,Rio Amazonas
0123014,0.046507808471029116,Rio Itaya
0123014,57.8208765554777,Qda Vainilla
0123014,22.086747806104764,Rio Maniti
0123015,1.2716854366321366,Rio Amazonas
0123015,0.00241080478207887,Rio Itaya
0123015,57.80602885555095,Qda Vainilla
0123015,22.089530264835645,Rio Maniti
0123016,1.2781674286149864,Rio Amazonas
0123016,0.004134554339873564,Rio Itaya
0123016,57.81189344740521,Qda Vainilla
0123016,22.092663556937723,Rio Maniti
0123018,1.2772548669415713,Rio Amazonas
0123018,0.013929802735892281,Rio Itaya
0123018,57.81257777651547,Qda Vainilla
0123018,22.099288344292674,Rio Maniti
0123020,1.2818874662982558,Rio Amazonas
0123020,0.013967152528703035,Rio Itaya
0123020,57.81472610723729,Qda Vainilla
0123020,22.091963036082795,Rio Maniti
0123021,1.2886454141087715,Rio Amazonas
0123021,0.021028806423574953,Rio Itaya
0123021,57.824521669681225,Qda Vainilla
0123021,22.11245877096393,Rio Maniti
0138015,0.9044847943744778,Rio Amazonas
0138015,0.42838337408352123,Rio Itaya
0138015,56.72510978883137,Qda Vainilla
0138015,20.730239785501386,Rio Maniti
0138016,0.9355478889953919,Rio Amazonas
0138016,0.4631249556184007,Rio Itaya
0138016,56.775706574645326,Qda Vainilla
0138016,20.776199829674628,Rio Maniti
0138017,0.8798273854475341,Rio Amazonas
0138017,0.40705947724854324,Rio Itaya
0138017,56.74201705770506,Qda Vainilla
0138017,20.758596236104214,Rio Maniti
0132018,12.803556659514786,Rio Amazonas
0132018,0.1306353730848251,Rio Itaya
0132018,79.63910438603887,Qda Vainilla
0132018,41.35907643073639,Rio Maniti
0132019,12.785549023553266,Rio Amazonas
0132019,0.14970497782613698,Rio Itaya
0132019,79.6203914282548,Qda Vainilla
0132019,41.34023132068672,Rio Maniti
0132021,12.774733203364638,Rio Amazonas
0132021,0.16976170180033417,Rio Itaya
0132021,79.60822169098718,Qda Vainilla
0132021,41.32779413328838,Rio Maniti
0132022,12.775699553298198,Rio Amazonas
0132022,0.14166638486967692,Rio Itaya
0132022,79.6121174609485,Qda Vainilla
0132022,41.33229571259079,Rio Maniti
0132029,12.672843722748548,Rio Amazonas
0132029,0.16991307480815052,Rio Itaya
0132029,79.51745176725589,Qda Vainilla
0132029,41.2396088661341,Rio Maniti
0132028,12.697364908140763,Rio Amazonas
0132028,0.20045201773163787,Rio Itaya
0132028,79.53402329638257,Qda Vainilla
0132028,41.254316540838126,Rio Maniti
0132027,12.698058008170873,Rio Amazonas
0132027,0.20485804018653797,Rio Itaya
0132027,79.53403961628774,Qda Vainilla
0132027,41.25418841789636,Rio Maniti
0132026,12.734331050831072,Rio Amazonas
0132026,0.16589404922974446,Rio Itaya
0132026,79.5715049148915,Qda Vainilla
0132026,41.291878878539535,Rio Maniti
0132025,12.745145906762621,Rio Amazonas
0132025,0.15530030468905642,Rio Itaya
0132025,79.5825560712701,Qda Vainilla
0132025,41.302972414246945,Rio Maniti
0132030,12.797378112240967,Rio Amazonas
0132030,0.11618222825111313,Rio Itaya
0132030,79.63489418716527,Qda Vainilla
0132030,41.35529117661077,Rio Maniti
0132031,12.953897675108013,Rio Amazonas
0132031,0.06363012078602517,Rio Itaya
0132031,79.78850302483943,Qda Vainilla
0132031,41.5081594340513,Rio Maniti
0132010,12.792739222707137,Rio Amazonas
0132010,0.0810364283443774,Rio Itaya
0132010,79.63462804808951,Qda Vainilla
0132010,41.35602233519877,Rio Maniti
0132009,12.790546321889247,Rio Amazonas
0132009,0.07588203794498201,Rio Itaya
0132009,79.63332640806784,Qda Vainilla
0132009,41.35493610018248,Rio Maniti
0132008,12.78958277953029,Rio Amazonas
0132008,0.06916846460601421,Rio Itaya
0132008,79.63331251645315,Qda Vainilla
0132008,41.355155062951525,Rio Maniti
0132007,12.78535273289691,Rio Amazonas
0132007,0.05538909735821668,Rio Itaya
0132007,79.63140688851281,Qda Vainilla
0132007,41.35384133267698,Rio Maniti
0132006,12.793417571587343,Rio Amazonas
0132006,0.042746998451791085,Rio Itaya
0132006,79.64061739097903,Qda Vainilla
0132006,41.363346581180416,Rio Maniti
0132005,12.76641792474469,Rio Amazonas
0132005,0.06609844904345218,Rio Itaya
0132005,79.61434900330268,Qda Vainilla
0132005,41.33729669368272,Rio Maniti
0132004,12.750557347571792,Rio Amazonas
0132004,0.08293122165526207,Rio Itaya
0132004,79.59812814691702,Qda Vainilla
0132004,41.320991616526186,Rio Maniti
0132003,12.704796887573437,Rio Amazonas
0132003,0.11046342847259215,Rio Itaya
0132003,79.55660103731299,Qda Vainilla
0132003,41.28069773734707,Rio Maniti
0132002,12.694522358301946,Rio Amazonas
0132002,0.11789837343019954,Rio Itaya
0132002,79.54832930800296,Qda Vainilla
0132002,41.273044701223206,Rio Maniti
0132011,12.792715799890285,Rio Amazonas
0132011,0.08073213752706983,Rio Itaya
0132011,79.63464610908352,Qda Vainilla
0132011,41.35605027033457,Rio Maniti
0132012,12.79902422253631,Rio Amazonas
0132012,0.084431401171432,Rio Itaya
0132012,79.63981028094781,Qda Vainilla
0132012,41.360940555020235,Rio Maniti
0132013,12.796823977961509,Rio Amazonas
0132013,0.0944212546798025,Rio Itaya
0132013,79.63665460417879,Qda Vainilla
0132013,41.35756702318741,Rio Maniti
0132014,12.798414298084992,Rio Amazonas
0132014,0.1044093679553376,Rio Itaya
0132014,79.63707491015921,Qda Vainilla
0132014,41.35772276068465,Rio Maniti
0132015,12.787970791251055,Rio Amazonas
0132015,0.12012726936732764,Rio Itaya
0132015,79.62575376167129,Qda Vainilla
0132015,41.346216557431845,Rio Maniti
0132016,12.792346979977308,Rio Amazonas
0132016,0.1138894862543639,Rio Itaya
0132016,79.63046267174639,Qda Vainilla
0132016,41.35099489317658,Rio Maniti
0132017,12.78140998748175,Rio Amazonas
0132017,0.12831220977849828,Rio Itaya
0132017,79.61881361270888,Qda Vainilla
0132017,41.33919910363062,Rio Maniti
0126001,7.507589190300187,Rio Amazonas
0126001,0.1856503313787327,Rio Itaya
0126001,74.15860734323279,Qda Vainilla
0126001,36.00114197638334,Rio Maniti
0126002,7.546798163889136,Rio Amazonas
0126002,0.18216436821836873,Rio Itaya
0126002,74.20403307577743,Qda Vainilla
0126002,36.04518818415745,Rio Maniti
0126003,7.617209519041736,Rio Amazonas
0126003,0.17828558834131697,Rio Itaya
0126003,74.28546900175982,Qda Vainilla
0126003,36.124125816346435,Rio Maniti
0126004,7.724352393232429,Rio Amazonas
0126004,0.1731885932189489,Rio Itaya
0126004,74.40814375599346,Qda Vainilla
0126004,36.24318973279999,Rio Maniti
0126005,7.81884773675196,Rio Amazonas
0126005,0.17174658184498554,Rio Itaya
0126005,74.51526436948701,Qda Vainilla
0126005,36.347286899966335,Rio Maniti
0126006,7.879773997650705,Rio Amazonas
0126006,0.17718404128504364,Rio Itaya
0126006,74.58390239220161,Qda Vainilla
0126006,36.41403338100665,Rio Maniti
0126007,7.934192216333269,Rio Amazonas
0126007,0.1803283663487125,Rio Itaya
0126007,74.64541886490021,Qda Vainilla
0126007,36.47376041351375,Rio Maniti
0126008,7.971078534403262,Rio Amazonas
0126008,0.18632030179594014,Rio Itaya
0126008,74.68684136192995,Qda Vainilla
0126008,36.51402630005625,Rio Maniti
0126009,7.989325397462087,Rio Amazonas
0126009,0.1931501030756696,Rio Itaya
0126009,74.70641519342941,Qda Vainilla
0126009,36.5332874811643,Rio Maniti
0126010,8.095641213556995,Rio Amazonas
0126010,0.20650230805350342,Rio Itaya
0126010,74.82344373494558,Qda Vainilla
0126010,36.64756964814657,Rio Maniti
0126011,8.138860773379774,Rio Amazonas
0126011,0.19641274206185616,Rio Itaya
0126011,74.87146449900315,Qda Vainilla
0126011,36.694307251269414,Rio Maniti
0126012,8.191807210214693,Rio Amazonas
0126012,0.1812142549235763,Rio Itaya
0126012,74.92997628711376,Qda Vainilla
0126012,36.751313016940244,Rio Maniti
0126013,8.24574903380925,Rio Amazonas
0126013,0.17617109617429338,Rio Itaya
0126013,74.98892683553944,Qda Vainilla
0126013,36.808901356239616,Rio Maniti
0126014,8.287328255359414,Rio Amazonas
0126014,0.17365188887511368,Rio Itaya
0126014,75.0340472691563,Qda Vainilla
0126014,36.85305264246667,Rio Maniti
